date,state,cured,deaths,confirmed
2020-01-30,Kerala,0,0,1
2020-01-31,Kerala,0,0,0
2020-02-01,Kerala,0,0,1
2020-02-02,Kerala,0,0,1
2020-02-03,Kerala,0,0,0
2020-02-04,Kerala,0,0,0
2020-02-05,Kerala,0,0,0
2020-02-06,Kerala,0,0,0
2020-02-07,Kerala,0,0,0
2020-02-08,Kerala,0,0,0
2020-02-09,Kerala,0,0,0
2020-02-10,Kerala,0,0,0
2020-02-11,Kerala,0,0,0
2020-02-12,Kerala,0,0,0
2020-02-13,Kerala,0,0,0
2020-02-14,Kerala,0,0,0
2020-02-15,Kerala,0,0,0
2020-02-16,Kerala,0,0,0
2020-02-17,Kerala,0,0,0
2020-02-18,Kerala,0,0,0
2020-02-19,Kerala,0,0,0
2020-02-20,Kerala,0,0,0
2020-02-21,Kerala,0,0,0
2020-02-22,Kerala,0,0,0
2020-02-23,Kerala,0,0,0
2020-02-24,Kerala,0,0,0
2020-02-25,Kerala,0,0,0
2020-02-26,Kerala,0,0,0
2020-02-27,Kerala,0,0,0
2020-02-28,Kerala,0,0,0
2020-02-29,Kerala,0,0,0
2020-03-01,Kerala,0,0,0
2020-03-02,Kerala,0,0,0
2020-03-03,Kerala,3,0,0
2020-03-04,Kerala,0,0,0
2020-03-05,Kerala,0,0,0
2020-03-06,Kerala,0,0,0
2020-03-07,Kerala,0,0,0
2020-03-08,Kerala,0,0,5
2020-03-09,Kerala,0,0,1
2020-03-10,Kerala,0,0,6
2020-03-11,Kerala,0,0,2
2020-03-12,Kerala,0,0,0
2020-03-13,Kerala,0,0,2
2020-03-14,Kerala,0,0,0
2020-03-15,Kerala,0,0,3
2020-03-16,Kerala,0,0,1
2020-03-17,Kerala,0,0,3
2020-03-18,Kerala,0,0,1
2020-03-19,Kerala,0,0,0
2020-03-20,Kerala,0,0,1
2020-03-21,Kerala,0,0,12
2020-03-22,Kerala,0,0,12
2020-03-23,Kerala,0,0,15
2020-03-24,Kerala,1,0,28
2020-03-25,Kerala,0,0,14
2020-03-26,Kerala,2,0,9
2020-03-27,Kerala,5,0,19
2020-03-28,Kerala,0,0,39
2020-03-29,Kerala,4,1,6
2020-03-30,Kerala,4,0,20
2020-03-31,Kerala,0,0,32
2020-04-01,Kerala,4,1,7
2020-04-02,Kerala,2,0,24
2020-04-03,Kerala,2,0,21
2020-04-04,Kerala,14,0,9
2020-04-05,Kerala,8,0,11
2020-04-06,Kerala,6,0,8
2020-04-07,Kerala,3,0,13
2020-04-08,Kerala,12,0,9
2020-04-09,Kerala,13,0,9
2020-04-10,Kerala,13,0,12
2020-04-11,Kerala,27,0,7
2020-04-12,Kerala,19,0,10
2020-04-13,Kerala,37,1,2
2020-04-14,Kerala,19,0,3
2020-04-15,Kerala,13,0,8
2020-04-16,Kerala,7,0,1
2020-04-17,Kerala,27,0,7
2020-04-18,Kerala,10,0,1
2020-04-19,Kerala,2,0,4
2020-04-20,Kerala,13,0,2
2020-04-21,Kerala,21,0,6
2020-04-22,Kerala,32,0,19
2020-04-23,Kerala,1,0,11
2020-04-24,Kerala,0,0,10
2020-04-25,Kerala,7,1,3
2020-04-26,Kerala,7,0,7
2020-04-27,Kerala,4,0,11
2020-04-28,Kerala,13,0,13
2020-04-29,Kerala,4,0,4
2020-04-30,Kerala,10,0,10
2020-05-01,Kerala,14,0,1
2020-05-02,Kerala,9,0,0
2020-05-03,Kerala,8,0,3
2020-05-04,Kerala,1,0,0
2020-05-05,Kerala,61,0,0
2020-05-06,Kerala,0,0,2
2020-05-07,Kerala,7,0,1
2020-05-08,Kerala,5,0,0
2020-05-09,Kerala,10,0,0
2020-05-10,Kerala,1,0,2
2020-05-11,Kerala,4,0,7
2020-05-12,Kerala,0,0,7
2020-05-13,Kerala,0,0,5
2020-05-14,Kerala,1,0,10
2020-05-15,Kerala,1,0,26
2020-05-16,Kerala,1,0,16
2020-05-17,Kerala,3,0,11
2020-05-18,Kerala,2,0,14
2020-05-19,Kerala,0,0,29
2020-03-02,Telengana,0,0,1
2020-03-03,Telengana,0,0,0
2020-03-04,Telengana,0,0,0
2020-03-05,Telengana,0,0,0
2020-03-06,Telengana,0,0,0
2020-03-07,Telengana,0,0,0
2020-03-08,Telengana,0,0,0
2020-03-09,Telengana,0,0,0
2020-03-10,Telengana,0,0,0
2020-03-11,Telengana,0,0,0
2020-03-12,Telengana,0,0,0
2020-03-13,Telengana,0,0,0
2020-03-14,Telengana,0,0,0
2020-03-15,Telengana,1,0,2
2020-03-16,Telengana,0,0,0
2020-03-17,Telengana,0,0,2
2020-03-18,Telengana,0,0,1
2020-03-19,Telengana,0,0,0
2020-03-20,Telengana,0,0,11
2020-03-21,Telengana,0,0,4
2020-03-22,Telengana,0,0,1
2020-03-23,Telengana,0,0,10
2020-03-24,Telengana,0,0,3
2020-03-25,Telengana,0,0,0
2020-03-26,Telengana,0,0,9
2020-03-27,Telengana,0,0,1
2020-03-28,Telengana,0,0,11
2020-03-29,Telengana,0,1,10
2020-03-30,Telengana,0,0,5
2020-03-31,Telengana,0,0,8
2020-04-01,Telengana,0,2,17
2020-04-02,Telengana,0,0,11
2020-04-03,Telengana,0,4,51
2020-04-04,Telengana,0,0,1
2020-04-05,Telengana,31,0,110
2020-04-06,Telengana,2,0,52
2020-04-07,Telengana,1,0,43
2020-04-08,Telengana,0,0,63
2020-04-09,Telengana,0,0,15
2020-04-10,Telengana,0,0,31
2020-04-11,Telengana,8,2,31
2020-04-12,Telengana,0,0,0
2020-04-13,Telengana,57,7,58
2020-04-14,Telengana,0,1,62
2020-04-15,Telengana,20,1,23
2020-04-16,Telengana,0,0,51
2020-04-17,Telengana,66,0,45
2020-04-18,Telengana,0,0,48
2020-04-19,Telengana,0,0,53
2020-04-20,Telengana,4,3,29
2020-04-21,Telengana,0,2,46
2020-04-22,Telengana,4,0,26
2020-04-23,Telengana,3,1,15
2020-04-24,Telengana,56,2,24
2020-04-25,Telengana,0,0,0
2020-04-26,Telengana,27,0,7
2020-04-27,Telengana,0,0,11
2020-04-28,Telengana,41,0,2
2020-04-29,Telengana,46,0,8
2020-04-30,Telengana,0,0,0
2020-05-01,Telengana,74,0,27
2020-05-02,Telengana,0,0,0
2020-05-03,Telengana,17,2,24
2020-05-04,Telengana,32,1,19
2020-05-05,Telengana,95,0,3
2020-05-06,Telengana,0,0,11
2020-05-07,Telengana,43,0,11
2020-05-08,Telengana,22,0,16
2020-05-09,Telengana,50,0,10
2020-05-10,Telengana,50,1,30
2020-05-11,Telengana,0,0,33
2020-05-12,Telengana,50,0,79
2020-05-13,Telengana,30,2,51
2020-05-14,Telengana,110,2,41
2020-05-15,Telengana,10,0,47
2020-05-16,Telengana,9,0,40
2020-05-17,Telengana,12,0,55
2020-05-18,Telengana,21,0,42
2020-05-19,Telengana,8,1,46
2020-03-02,Delhi,0,0,1
2020-03-03,Delhi,0,0,0
2020-03-04,Delhi,0,0,0
2020-03-05,Delhi,0,0,1
2020-03-06,Delhi,0,0,1
2020-03-07,Delhi,0,0,0
2020-03-08,Delhi,0,0,0
2020-03-09,Delhi,0,0,1
2020-03-10,Delhi,0,0,0
2020-03-11,Delhi,0,0,1
2020-03-12,Delhi,0,0,1
2020-03-13,Delhi,0,0,0
2020-03-14,Delhi,1,1,1
2020-03-15,Delhi,1,0,0
2020-03-16,Delhi,0,0,0
2020-03-17,Delhi,0,0,1
2020-03-18,Delhi,0,0,2
2020-03-19,Delhi,1,0,2
2020-03-20,Delhi,2,0,5
2020-03-21,Delhi,0,0,9
2020-03-22,Delhi,0,0,3
2020-03-23,Delhi,0,0,0
2020-03-24,Delhi,1,0,1
2020-03-25,Delhi,0,0,1
2020-03-26,Delhi,0,0,5
2020-03-27,Delhi,0,0,0
2020-03-28,Delhi,0,0,3
2020-03-29,Delhi,0,1,10
2020-03-30,Delhi,0,0,38
2020-03-31,Delhi,0,0,10
2020-04-01,Delhi,0,0,55
2020-04-02,Delhi,2,2,67
2020-04-03,Delhi,0,0,0
2020-04-04,Delhi,7,2,226
2020-04-05,Delhi,3,1,58
2020-04-06,Delhi,1,0,20
2020-04-07,Delhi,2,0,53
2020-04-08,Delhi,0,2,0
2020-04-09,Delhi,0,0,93
2020-04-10,Delhi,4,4,229
2020-04-11,Delhi,0,1,5
2020-04-12,Delhi,0,5,166
2020-04-13,Delhi,2,5,85
2020-04-14,Delhi,3,4,356
2020-04-15,Delhi,0,2,51
2020-04-16,Delhi,12,2,17
2020-04-17,Delhi,9,6,62
2020-04-18,Delhi,21,4,67
2020-04-19,Delhi,0,1,186
2020-04-20,Delhi,218,2,110
2020-04-21,Delhi,141,2,78
2020-04-22,Delhi,180,0,75
2020-04-23,Delhi,113,1,92
2020-04-24,Delhi,84,2,128
2020-04-25,Delhi,49,3,138
2020-04-26,Delhi,12,1,111
2020-04-27,Delhi,8,0,293
2020-04-28,Delhi,0,0,190
2020-04-29,Delhi,201,0,206
2020-04-30,Delhi,14,2,125
2020-05-01,Delhi,2,3,76
2020-05-02,Delhi,73,2,223
2020-05-03,Delhi,89,3,384
2020-05-04,Delhi,106,0,427
2020-05-05,Delhi,69,0,349
2020-05-06,Delhi,37,0,206
2020-05-07,Delhi,74,1,428
2020-05-08,Delhi,389,1,448
2020-05-09,Delhi,89,2,338
2020-05-10,Delhi,0,5,224
2020-05-11,Delhi,49,0,381
2020-05-12,Delhi,60,0,310
2020-05-13,Delhi,383,13,406
2020-05-14,Delhi,346,20,359
2020-05-15,Delhi,187,9,472
2020-05-16,Delhi,473,8,425
2020-05-17,Delhi,408,6,438
2020-05-18,Delhi,559,31,721
2020-05-19,Delhi,0,8,0
2020-03-03,Rajasthan,0,0,1
2020-03-04,Rajasthan,0,0,14
2020-03-05,Rajasthan,0,0,0
2020-03-06,Rajasthan,0,0,0
2020-03-07,Rajasthan,0,0,0
2020-03-08,Rajasthan,0,0,0
2020-03-09,Rajasthan,0,0,0
2020-03-10,Rajasthan,0,0,0
2020-03-11,Rajasthan,0,0,0
2020-03-12,Rajasthan,0,0,0
2020-03-13,Rajasthan,0,0,0
2020-03-14,Rajasthan,1,0,0
2020-03-15,Rajasthan,2,0,1
2020-03-16,Rajasthan,0,0,0
2020-03-17,Rajasthan,0,0,0
2020-03-18,Rajasthan,0,0,0
2020-03-19,Rajasthan,0,0,3
2020-03-20,Rajasthan,0,0,10
2020-03-21,Rajasthan,0,0,0
2020-03-22,Rajasthan,0,0,7
2020-03-23,Rajasthan,0,0,4
2020-03-24,Rajasthan,0,0,4
2020-03-25,Rajasthan,0,0,4
2020-03-26,Rajasthan,0,0,5
2020-03-27,Rajasthan,0,0,0
2020-03-28,Rajasthan,0,0,13
2020-03-29,Rajasthan,0,0,1
2020-03-30,Rajasthan,0,0,4
2020-03-31,Rajasthan,0,0,15
2020-04-01,Rajasthan,0,0,19
2020-04-02,Rajasthan,0,0,15
2020-04-03,Rajasthan,0,0,59
2020-04-04,Rajasthan,18,0,33
2020-04-05,Rajasthan,0,0,0
2020-04-06,Rajasthan,0,0,74
2020-04-07,Rajasthan,0,3,14
2020-04-08,Rajasthan,0,0,40
2020-04-09,Rajasthan,0,0,55
2020-04-10,Rajasthan,0,0,80
2020-04-11,Rajasthan,0,0,90
2020-04-12,Rajasthan,0,0,147
2020-04-13,Rajasthan,0,0,112
2020-04-14,Rajasthan,112,0,67
2020-04-15,Rajasthan,14,0,126
2020-04-16,Rajasthan,0,0,18
2020-04-17,Rajasthan,17,8,108
2020-04-18,Rajasthan,19,0,98
2020-04-19,Rajasthan,0,0,122
2020-04-20,Rajasthan,0,3,127
2020-04-21,Rajasthan,22,11,98
2020-04-22,Rajasthan,25,0,225
2020-04-23,Rajasthan,0,2,89
2020-04-24,Rajasthan,0,0,74
2020-04-25,Rajasthan,0,0,70
2020-04-26,Rajasthan,263,6,49
2020-04-27,Rajasthan,25,8,102
2020-04-28,Rajasthan,151,5,77
2020-04-29,Rajasthan,99,5,102
2020-04-30,Rajasthan,0,0,74
2020-05-01,Rajasthan,68,7,146
2020-05-02,Rajasthan,280,4,82
2020-05-03,Rajasthan,5,3,106
2020-05-04,Rajasthan,235,6,114
2020-05-05,Rajasthan,38,6,175
2020-05-06,Rajasthan,131,12,97
2020-05-07,Rajasthan,71,3,159
2020-05-08,Rajasthan,0,5,110
2020-05-09,Rajasthan,320,4,152
2020-05-10,Rajasthan,110,5,129
2020-05-11,Rajasthan,150,1,106
2020-05-12,Rajasthan,88,6,174
2020-05-13,Rajasthan,114,4,138
2020-05-14,Rajasthan,81,4,202
2020-05-15,Rajasthan,121,4,206
2020-05-16,Rajasthan,97,0,193
2020-05-17,Rajasthan,162,1,233
2020-05-18,Rajasthan,153,5,242
2020-05-19,Rajasthan,226,7,305
2020-03-04,Uttar Pradesh,0,0,6
2020-03-05,Uttar Pradesh,0,0,1
2020-03-06,Uttar Pradesh,0,0,0
2020-03-07,Uttar Pradesh,0,0,0
2020-03-08,Uttar Pradesh,0,0,0
2020-03-09,Uttar Pradesh,0,0,0
2020-03-10,Uttar Pradesh,0,0,0
2020-03-11,Uttar Pradesh,0,0,2
2020-03-12,Uttar Pradesh,0,0,2
2020-03-13,Uttar Pradesh,0,0,0
2020-03-14,Uttar Pradesh,5,0,1
2020-03-15,Uttar Pradesh,0,0,1
2020-03-16,Uttar Pradesh,0,0,0
2020-03-17,Uttar Pradesh,1,0,2
2020-03-18,Uttar Pradesh,0,0,1
2020-03-19,Uttar Pradesh,4,0,3
2020-03-20,Uttar Pradesh,0,0,4
2020-03-21,Uttar Pradesh,0,0,1
2020-03-22,Uttar Pradesh,0,0,3
2020-03-23,Uttar Pradesh,0,0,4
2020-03-24,Uttar Pradesh,2,0,2
2020-03-25,Uttar Pradesh,0,0,4
2020-03-26,Uttar Pradesh,0,0,4
2020-03-27,Uttar Pradesh,0,0,0
2020-03-28,Uttar Pradesh,0,0,14
2020-03-29,Uttar Pradesh,0,0,10
2020-03-30,Uttar Pradesh,0,0,17
2020-03-31,Uttar Pradesh,3,0,19
2020-04-01,Uttar Pradesh,0,2,2
2020-04-02,Uttar Pradesh,0,0,10
2020-04-03,Uttar Pradesh,0,0,59
2020-04-04,Uttar Pradesh,5,0,2
2020-04-05,Uttar Pradesh,0,0,53
2020-04-06,Uttar Pradesh,2,1,78
2020-04-07,Uttar Pradesh,0,0,0
2020-04-08,Uttar Pradesh,5,0,38
2020-04-09,Uttar Pradesh,5,1,67
2020-04-10,Uttar Pradesh,1,0,21
2020-04-11,Uttar Pradesh,0,0,2
2020-04-12,Uttar Pradesh,13,1,19
2020-04-13,Uttar Pradesh,2,0,31
2020-04-14,Uttar Pradesh,2,0,174
2020-04-15,Uttar Pradesh,2,6,78
2020-04-16,Uttar Pradesh,17,2,38
2020-04-17,Uttar Pradesh,6,1,73
2020-04-18,Uttar Pradesh,12,0,123
2020-04-19,Uttar Pradesh,22,3,115
2020-04-20,Uttar Pradesh,21,0,92
2020-04-21,Uttar Pradesh,11,3,118
2020-04-22,Uttar Pradesh,25,1,118
2020-04-23,Uttar Pradesh,22,0,97
2020-04-24,Uttar Pradesh,19,3,95
2020-04-25,Uttar Pradesh,42,2,174
2020-04-26,Uttar Pradesh,41,3,65
2020-04-27,Uttar Pradesh,46,2,112
2020-04-28,Uttar Pradesh,65,0,88
2020-04-29,Uttar Pradesh,77,5,72
2020-04-30,Uttar Pradesh,36,3,88
2020-05-01,Uttar Pradesh,42,2,78
2020-05-02,Uttar Pradesh,99,1,47
2020-05-03,Uttar Pradesh,44,1,298
2020-05-04,Uttar Pradesh,60,2,116
2020-05-05,Uttar Pradesh,186,8,117
2020-05-06,Uttar Pradesh,43,3,21
2020-05-07,Uttar Pradesh,143,4,118
2020-05-08,Uttar Pradesh,120,2,73
2020-05-09,Uttar Pradesh,137,4,143
2020-05-10,Uttar Pradesh,112,8,159
2020-05-11,Uttar Pradesh,154,0,94
2020-05-12,Uttar Pradesh,105,6,106
2020-05-13,Uttar Pradesh,115,2,91
2020-05-14,Uttar Pradesh,29,1,65
2020-05-15,Uttar Pradesh,170,5,173
2020-05-16,Uttar Pradesh,93,7,155
2020-05-17,Uttar Pradesh,276,9,201
2020-05-18,Uttar Pradesh,0,0,1
2020-05-19,Uttar Pradesh,342,14,346
2020-03-04,Haryana,0,0,2
2020-03-05,Haryana,0,0,0
2020-03-06,Haryana,0,0,0
2020-03-07,Haryana,0,0,0
2020-03-08,Haryana,0,0,0
2020-03-09,Haryana,0,0,0
2020-03-10,Haryana,0,0,0
2020-03-11,Haryana,0,0,12
2020-03-12,Haryana,0,0,0
2020-03-13,Haryana,0,0,0
2020-03-14,Haryana,0,0,0
2020-03-15,Haryana,0,0,0
2020-03-16,Haryana,0,0,0
2020-03-17,Haryana,0,0,1
2020-03-18,Haryana,0,0,2
2020-03-19,Haryana,0,0,0
2020-03-20,Haryana,0,0,0
2020-03-21,Haryana,0,0,0
2020-03-22,Haryana,0,0,4
2020-03-23,Haryana,0,0,5
2020-03-24,Haryana,11,0,2
2020-03-25,Haryana,0,0,0
2020-03-26,Haryana,0,0,2
2020-03-27,Haryana,0,0,0
2020-03-28,Haryana,1,0,3
2020-03-29,Haryana,5,0,0
2020-03-30,Haryana,1,0,3
2020-03-31,Haryana,3,0,4
2020-04-01,Haryana,0,0,3
2020-04-02,Haryana,0,0,0
2020-04-03,Haryana,3,0,6
2020-04-04,Haryana,0,0,0
2020-04-05,Haryana,1,1,10
2020-04-06,Haryana,0,0,25
2020-04-07,Haryana,0,0,6
2020-04-08,Haryana,3,2,57
2020-04-09,Haryana,1,0,22
2020-04-10,Haryana,0,0,0
2020-04-11,Haryana,0,0,8
2020-04-12,Haryana,0,0,8
2020-04-13,Haryana,0,0,0
2020-04-14,Haryana,5,0,14
2020-04-15,Haryana,0,0,0
2020-04-16,Haryana,9,0,6
2020-04-17,Haryana,0,0,0
2020-04-18,Haryana,0,0,20
2020-04-19,Haryana,44,0,8
2020-04-20,Haryana,0,0,0
2020-04-21,Haryana,40,0,21
2020-04-22,Haryana,0,0,0
2020-04-23,Haryana,13,0,8
2020-04-24,Haryana,16,0,10
2020-04-25,Haryana,0,0,0
2020-04-26,Haryana,20,0,17
2020-04-27,Haryana,0,0,0
2020-04-28,Haryana,7,0,7
2020-04-29,Haryana,26,0,14
2020-04-30,Haryana,0,0,0
2020-05-01,Haryana,0,0,3
2020-05-02,Haryana,18,1,47
2020-05-03,Haryana,0,0,34
2020-05-04,Haryana,18,1,48
2020-05-05,Haryana,9,1,75
2020-05-06,Haryana,2,0,31
2020-05-07,Haryana,4,1,46
2020-05-08,Haryana,0,0,31
2020-05-09,Haryana,19,1,22
2020-05-10,Haryana,11,1,28
2020-05-11,Haryana,10,1,28
2020-05-12,Haryana,37,1,27
2020-05-13,Haryana,5,0,50
2020-05-14,Haryana,76,0,13
2020-05-15,Haryana,21,0,25
2020-05-16,Haryana,0,0,0
2020-05-17,Haryana,75,2,69
2020-05-18,Haryana,48,1,23
2020-05-19,Haryana,36,0,18
2020-03-07,Ladakh,0,0,2
2020-03-08,Ladakh,0,0,0
2020-03-09,Ladakh,0,0,0
2020-03-10,Ladakh,0,0,0
2020-03-11,Ladakh,0,0,0
2020-03-12,Ladakh,0,0,1
2020-03-13,Ladakh,0,0,0
2020-03-14,Ladakh,0,0,0
2020-03-15,Ladakh,0,0,0
2020-03-16,Ladakh,0,0,1
2020-03-17,Ladakh,0,0,2
2020-03-18,Ladakh,0,0,2
2020-03-19,Ladakh,0,0,0
2020-03-20,Ladakh,0,0,2
2020-03-21,Ladakh,0,0,3
2020-03-22,Ladakh,0,0,0
2020-03-23,Ladakh,0,0,0
2020-03-24,Ladakh,0,0,0
2020-03-25,Ladakh,0,0,0
2020-03-26,Ladakh,0,0,0
2020-03-27,Ladakh,3,0,0
2020-03-28,Ladakh,0,0,0
2020-03-29,Ladakh,0,0,0
2020-03-30,Ladakh,0,0,0
2020-03-31,Ladakh,0,0,0
2020-04-01,Ladakh,0,0,0
2020-04-02,Ladakh,0,0,0
2020-04-03,Ladakh,0,0,1
2020-04-04,Ladakh,0,0,0
2020-04-05,Ladakh,7,0,0
2020-04-06,Ladakh,0,0,0
2020-04-07,Ladakh,0,0,0
2020-04-08,Ladakh,0,0,0
2020-04-09,Ladakh,0,0,0
2020-04-10,Ladakh,0,0,1
2020-04-11,Ladakh,0,0,0
2020-04-12,Ladakh,0,0,0
2020-04-13,Ladakh,0,0,0
2020-04-14,Ladakh,0,0,0
2020-04-15,Ladakh,0,0,2
2020-04-16,Ladakh,0,0,0
2020-04-17,Ladakh,4,0,1
2020-04-18,Ladakh,0,0,0
2020-04-19,Ladakh,0,0,0
2020-04-20,Ladakh,0,0,0
2020-04-21,Ladakh,0,0,0
2020-04-22,Ladakh,0,0,0
2020-04-23,Ladakh,0,0,0
2020-04-24,Ladakh,0,0,0
2020-04-25,Ladakh,0,0,2
2020-04-26,Ladakh,0,0,0
2020-04-27,Ladakh,0,0,0
2020-04-28,Ladakh,2,0,2
2020-04-29,Ladakh,0,0,0
2020-04-30,Ladakh,0,0,0
2020-05-01,Ladakh,0,0,0
2020-05-02,Ladakh,1,0,0
2020-05-03,Ladakh,0,0,18
2020-05-04,Ladakh,0,0,1
2020-05-05,Ladakh,0,0,0
2020-05-06,Ladakh,0,0,0
2020-05-07,Ladakh,0,0,0
2020-05-08,Ladakh,0,0,1
2020-05-09,Ladakh,0,0,0
2020-05-10,Ladakh,0,0,0
2020-05-11,Ladakh,4,0,0
2020-05-12,Ladakh,0,0,0
2020-05-13,Ladakh,0,0,0
2020-05-14,Ladakh,1,0,1
2020-05-15,Ladakh,0,0,0
2020-05-16,Ladakh,0,0,0
2020-05-17,Ladakh,0,0,0
2020-05-18,Ladakh,2,0,0
2020-05-19,Ladakh,17,0,0
2020-03-07,Tamil Nadu,0,0,1
2020-03-08,Tamil Nadu,0,0,0
2020-03-09,Tamil Nadu,0,0,0
2020-03-10,Tamil Nadu,0,0,0
2020-03-11,Tamil Nadu,0,0,0
2020-03-12,Tamil Nadu,0,0,0
2020-03-13,Tamil Nadu,0,0,0
2020-03-14,Tamil Nadu,0,0,0
2020-03-15,Tamil Nadu,0,0,0
2020-03-16,Tamil Nadu,0,0,0
2020-03-17,Tamil Nadu,0,0,0
2020-03-18,Tamil Nadu,0,0,0
2020-03-19,Tamil Nadu,1,0,1
2020-03-20,Tamil Nadu,0,0,1
2020-03-21,Tamil Nadu,0,0,0
2020-03-22,Tamil Nadu,0,0,4
2020-03-23,Tamil Nadu,0,0,2
2020-03-24,Tamil Nadu,0,0,6
2020-03-25,Tamil Nadu,0,0,3
2020-03-26,Tamil Nadu,0,1,8
2020-03-27,Tamil Nadu,0,0,3
2020-03-28,Tamil Nadu,1,0,11
2020-03-29,Tamil Nadu,2,0,9
2020-03-30,Tamil Nadu,0,0,18
2020-03-31,Tamil Nadu,0,0,7
2020-04-01,Tamil Nadu,2,0,160
2020-04-02,Tamil Nadu,0,0,0
2020-04-03,Tamil Nadu,0,0,75
2020-04-04,Tamil Nadu,0,1,102
2020-04-05,Tamil Nadu,0,1,74
2020-04-06,Tamil Nadu,2,2,86
2020-04-07,Tamil Nadu,0,0,50
2020-04-08,Tamil Nadu,11,2,69
2020-04-09,Tamil Nadu,2,1,48
2020-04-10,Tamil Nadu,0,0,96
2020-04-11,Tamil Nadu,23,0,77
2020-04-12,Tamil Nadu,0,2,58
2020-04-13,Tamil Nadu,6,1,106
2020-04-14,Tamil Nadu,8,0,98
2020-04-15,Tamil Nadu,23,1,31
2020-04-16,Tamil Nadu,37,2,38
2020-04-17,Tamil Nadu,62,1,25
2020-04-18,Tamil Nadu,103,0,56
2020-04-19,Tamil Nadu,82,0,49
2020-04-20,Tamil Nadu,46,0,105
2020-04-21,Tamil Nadu,46,2,43
2020-04-22,Tamil Nadu,178,1,76
2020-04-23,Tamil Nadu,27,0,33
2020-04-24,Tamil Nadu,90,2,54
2020-04-25,Tamil Nadu,114,2,72
2020-04-26,Tamil Nadu,94,1,66
2020-04-27,Tamil Nadu,60,1,64
2020-04-28,Tamil Nadu,81,0,52
2020-04-29,Tamil Nadu,67,1,121
2020-04-30,Tamil Nadu,42,2,104
2020-05-01,Tamil Nadu,48,0,161
2020-05-02,Tamil Nadu,54,1,203
2020-05-03,Tamil Nadu,29,1,231
2020-05-04,Tamil Nadu,38,1,266
2020-05-05,Tamil Nadu,30,1,527
2020-05-06,Tamil Nadu,76,2,508
2020-05-07,Tamil Nadu,31,2,771
2020-05-08,Tamil Nadu,31,2,580
2020-05-09,Tamil Nadu,58,3,600
2020-05-10,Tamil Nadu,219,4,526
2020-05-11,Tamil Nadu,135,3,669
2020-05-12,Tamil Nadu,92,6,798
2020-05-13,Tamil Nadu,83,8,716
2020-05-14,Tamil Nadu,42,3,509
2020-05-15,Tamil Nadu,64,2,447
2020-05-16,Tamil Nadu,359,5,434
2020-05-17,Tamil Nadu,939,3,477
2020-05-18,Tamil Nadu,634,4,639
2020-05-19,Tamil Nadu,234,3,536
2020-03-09,Karnataka,0,0,1
2020-03-10,Karnataka,0,0,3
2020-03-11,Karnataka,0,0,0
2020-03-12,Karnataka,0,0,0
2020-03-13,Karnataka,0,1,2
2020-03-14,Karnataka,0,0,0
2020-03-15,Karnataka,0,0,0
2020-03-16,Karnataka,0,0,0
2020-03-17,Karnataka,0,0,5
2020-03-18,Karnataka,0,0,0
2020-03-19,Karnataka,0,0,3
2020-03-20,Karnataka,1,0,1
2020-03-21,Karnataka,0,0,0
2020-03-22,Karnataka,1,0,11
2020-03-23,Karnataka,0,0,7
2020-03-24,Karnataka,1,0,4
2020-03-25,Karnataka,0,0,4
2020-03-26,Karnataka,0,1,14
2020-03-27,Karnataka,0,0,0
2020-03-28,Karnataka,0,0,0
2020-03-29,Karnataka,2,1,21
2020-03-30,Karnataka,0,0,7
2020-03-31,Karnataka,0,0,0
2020-04-01,Karnataka,3,0,18
2020-04-02,Karnataka,1,0,9
2020-04-03,Karnataka,1,0,14
2020-04-04,Karnataka,2,0,4
2020-04-05,Karnataka,0,1,16
2020-04-06,Karnataka,0,0,7
2020-04-07,Karnataka,13,0,24
2020-04-08,Karnataka,0,0,0
2020-04-09,Karnataka,3,1,6
2020-04-10,Karnataka,2,1,16
2020-04-11,Karnataka,7,0,17
2020-04-12,Karnataka,0,0,12
2020-04-13,Karnataka,22,0,21
2020-04-14,Karnataka,6,3,11
2020-04-15,Karnataka,10,2,19
2020-04-16,Karnataka,7,2,38
2020-04-17,Karnataka,0,0,38
2020-04-18,Karnataka,10,0,18
2020-04-19,Karnataka,12,1,13
2020-04-20,Karnataka,7,2,11
2020-04-21,Karnataka,3,1,20
2020-04-22,Karnataka,15,0,10
2020-04-23,Karnataka,12,0,18
2020-04-24,Karnataka,9,1,20
2020-04-25,Karnataka,3,0,26
2020-04-26,Karnataka,24,0,12
2020-04-27,Karnataka,11,2,10
2020-04-28,Karnataka,10,0,9
2020-04-29,Karnataka,17,0,12
2020-04-30,Karnataka,8,1,25
2020-05-01,Karnataka,12,1,19
2020-05-02,Karnataka,16,0,13
2020-05-03,Karnataka,31,3,17
2020-05-04,Karnataka,22,1,36
2020-05-05,Karnataka,20,2,17
2020-05-06,Karnataka,7,1,12
2020-05-07,Karnataka,23,0,22
2020-05-08,Karnataka,12,1,12
2020-05-09,Karnataka,10,0,48
2020-05-10,Karnataka,10,0,41
2020-05-11,Karnataka,38,1,54
2020-05-12,Karnataka,2,0,14
2020-05-13,Karnataka,7,0,63
2020-05-14,Karnataka,18,2,34
2020-05-15,Karnataka,9,2,28
2020-05-16,Karnataka,20,1,69
2020-05-17,Karnataka,16,0,36
2020-05-18,Karnataka,13,1,55
2020-05-19,Karnataka,21,0,99
2020-03-09,Maharashtra,0,0,2
2020-03-10,Maharashtra,0,0,3
2020-03-11,Maharashtra,0,0,0
2020-03-12,Maharashtra,0,0,9
2020-03-13,Maharashtra,0,0,3
2020-03-14,Maharashtra,0,0,0
2020-03-15,Maharashtra,0,0,18
2020-03-16,Maharashtra,0,0,0
2020-03-17,Maharashtra,0,1,7
2020-03-18,Maharashtra,0,0,3
2020-03-19,Maharashtra,0,0,5
2020-03-20,Maharashtra,0,0,5
2020-03-21,Maharashtra,0,0,11
2020-03-22,Maharashtra,0,1,4
2020-03-23,Maharashtra,0,0,7
2020-03-24,Maharashtra,0,0,15
2020-03-25,Maharashtra,1,1,39
2020-03-26,Maharashtra,0,0,0
2020-03-27,Maharashtra,14,1,6
2020-03-28,Maharashtra,10,1,50
2020-03-29,Maharashtra,0,1,6
2020-03-30,Maharashtra,0,2,12
2020-03-31,Maharashtra,14,1,18
2020-04-01,Maharashtra,0,0,86
2020-04-02,Maharashtra,3,4,33
2020-04-03,Maharashtra,0,3,0
2020-04-04,Maharashtra,0,8,155
2020-04-05,Maharashtra,0,0,0
2020-04-06,Maharashtra,14,21,258
2020-04-07,Maharashtra,0,3,120
2020-04-08,Maharashtra,23,16,150
2020-04-09,Maharashtra,38,8,117
2020-04-10,Maharashtra,8,25,229
2020-04-11,Maharashtra,63,13,210
2020-04-12,Maharashtra,20,17,187
2020-04-13,Maharashtra,9,22,224
2020-04-14,Maharashtra,12,11,352
2020-04-15,Maharashtra,30,18,350
2020-04-16,Maharashtra,36,9,232
2020-04-17,Maharashtra,5,7,286
2020-04-18,Maharashtra,31,7,118
2020-04-19,Maharashtra,34,10,328
2020-04-20,Maharashtra,142,12,552
2020-04-21,Maharashtra,65,9,466
2020-04-22,Maharashtra,150,19,552
2020-04-23,Maharashtra,67,18,431
2020-04-24,Maharashtra,51,14,778
2020-04-25,Maharashtra,117,18,387
2020-04-26,Maharashtra,119,22,811
2020-04-27,Maharashtra,112,19,440
2020-04-28,Maharashtra,94,27,522
2020-04-29,Maharashtra,106,31,728
2020-04-30,Maharashtra,205,32,597
2020-05-01,Maharashtra,180,27,583
2020-05-02,Maharashtra,106,26,1008
2020-05-03,Maharashtra,121,36,790
2020-05-04,Maharashtra,115,27,678
2020-05-05,Maharashtra,350,35,1567
2020-05-06,Maharashtra,354,34,984
2020-05-07,Maharashtra,275,34,1233
2020-05-08,Maharashtra,207,43,1216
2020-05-09,Maharashtra,169,37,1089
2020-05-10,Maharashtra,330,48,1165
2020-05-11,Maharashtra,399,53,1943
2020-05-12,Maharashtra,587,36,1230
2020-05-13,Maharashtra,339,53,1026
2020-05-14,Maharashtra,422,54,1495
2020-05-15,Maharashtra,512,44,1602
2020-05-16,Maharashtra,505,49,1576
2020-05-17,Maharashtra,524,67,1606
2020-05-18,Maharashtra,600,63,2347
2020-05-19,Maharashtra,749,51,2005
2020-03-09,Punjab,0,0,1
2020-03-10,Punjab,0,0,0
2020-03-11,Punjab,0,0,0
2020-03-12,Punjab,0,0,0
2020-03-13,Punjab,0,0,0
2020-03-14,Punjab,0,0,0
2020-03-15,Punjab,0,0,0
2020-03-16,Punjab,0,0,0
2020-03-17,Punjab,0,0,0
2020-03-18,Punjab,0,0,0
2020-03-19,Punjab,0,1,1
2020-03-20,Punjab,0,0,0
2020-03-21,Punjab,0,0,11
2020-03-22,Punjab,0,0,8
2020-03-23,Punjab,0,0,0
2020-03-24,Punjab,0,0,8
2020-03-25,Punjab,0,0,0
2020-03-26,Punjab,0,0,4
2020-03-27,Punjab,0,0,0
2020-03-28,Punjab,1,0,5
2020-03-29,Punjab,0,0,0
2020-03-30,Punjab,0,0,0
2020-03-31,Punjab,0,2,3
2020-04-01,Punjab,0,0,1
2020-04-02,Punjab,0,1,4
2020-04-03,Punjab,0,1,2
2020-04-04,Punjab,0,0,9
2020-04-05,Punjab,0,0,0
2020-04-06,Punjab,3,1,19
2020-04-07,Punjab,0,1,15
2020-04-08,Punjab,0,0,0
2020-04-09,Punjab,0,1,10
2020-04-10,Punjab,1,3,31
2020-04-11,Punjab,0,0,0
2020-04-12,Punjab,0,0,19
2020-04-13,Punjab,9,0,16
2020-04-14,Punjab,0,1,9
2020-04-15,Punjab,0,1,10
2020-04-16,Punjab,13,0,0
2020-04-17,Punjab,0,0,0
2020-04-18,Punjab,0,0,16
2020-04-19,Punjab,4,3,17
2020-04-20,Punjab,0,0,0
2020-04-21,Punjab,8,0,26
2020-04-22,Punjab,10,0,6
2020-04-23,Punjab,16,0,26
2020-04-24,Punjab,0,0,0
2020-04-25,Punjab,2,1,21
2020-04-26,Punjab,0,0,0
2020-04-27,Punjab,4,1,15
2020-04-28,Punjab,0,0,0
2020-04-29,Punjab,0,1,9
2020-04-30,Punjab,19,0,35
2020-05-01,Punjab,0,0,0
2020-05-02,Punjab,0,0,123
2020-05-03,Punjab,22,1,292
2020-05-04,Punjab,5,1,330
2020-05-05,Punjab,11,2,131
2020-05-06,Punjab,5,2,218
2020-05-07,Punjab,2,2,65
2020-05-08,Punjab,14,1,128
2020-05-09,Punjab,3,1,87
2020-05-10,Punjab,5,2,31
2020-05-11,Punjab,9,0,61
2020-05-12,Punjab,2,0,54
2020-05-13,Punjab,3,1,37
2020-05-14,Punjab,29,0,10
2020-05-15,Punjab,23,0,11
2020-05-16,Punjab,82,0,0
2020-05-17,Punjab,952,0,11
2020-05-18,Punjab,109,3,18
2020-05-19,Punjab,181,2,16
2020-03-09,Jammu and Kashmir,0,0,1
2020-03-10,Jammu and Kashmir,0,0,0
2020-03-11,Jammu and Kashmir,0,0,0
2020-03-12,Jammu and Kashmir,0,0,0
2020-03-13,Jammu and Kashmir,0,0,0
2020-03-14,Jammu and Kashmir,0,0,1
2020-03-15,Jammu and Kashmir,0,0,0
2020-03-16,Jammu and Kashmir,0,0,1
2020-03-17,Jammu and Kashmir,0,0,0
2020-03-18,Jammu and Kashmir,0,0,0
2020-03-19,Jammu and Kashmir,0,0,1
2020-03-20,Jammu and Kashmir,0,0,0
2020-03-21,Jammu and Kashmir,0,0,0
2020-03-22,Jammu and Kashmir,0,0,0
2020-03-23,Jammu and Kashmir,0,0,0
2020-03-24,Jammu and Kashmir,0,0,0
2020-03-25,Jammu and Kashmir,1,0,3
2020-03-26,Jammu and Kashmir,0,0,6
2020-03-27,Jammu and Kashmir,0,1,0
2020-03-28,Jammu and Kashmir,0,0,7
2020-03-29,Jammu and Kashmir,0,1,11
2020-03-30,Jammu and Kashmir,1,0,17
2020-03-31,Jammu and Kashmir,0,0,6
2020-04-01,Jammu and Kashmir,0,0,8
2020-04-02,Jammu and Kashmir,0,0,0
2020-04-03,Jammu and Kashmir,1,0,13
2020-04-04,Jammu and Kashmir,0,0,0
2020-04-05,Jammu and Kashmir,1,0,31
2020-04-06,Jammu and Kashmir,0,0,3
2020-04-07,Jammu and Kashmir,0,0,7
2020-04-08,Jammu and Kashmir,0,0,0
2020-04-09,Jammu and Kashmir,0,2,42
2020-04-10,Jammu and Kashmir,2,0,26
2020-04-11,Jammu and Kashmir,0,0,23
2020-04-12,Jammu and Kashmir,0,0,17
2020-04-13,Jammu and Kashmir,0,0,21
2020-04-14,Jammu and Kashmir,10,0,25
2020-04-15,Jammu and Kashmir,14,0,8
2020-04-16,Jammu and Kashmir,6,0,22
2020-04-17,Jammu and Kashmir,2,0,14
2020-04-18,Jammu and Kashmir,4,1,14
2020-04-19,Jammu and Kashmir,9,0,13
2020-04-20,Jammu and Kashmir,5,0,9
2020-04-21,Jammu and Kashmir,15,0,18
2020-04-22,Jammu and Kashmir,10,0,12
2020-04-23,Jammu and Kashmir,11,0,27
2020-04-24,Jammu and Kashmir,0,0,20
2020-04-25,Jammu and Kashmir,17,0,27
2020-04-26,Jammu and Kashmir,3,1,40
2020-04-27,Jammu and Kashmir,25,0,29
2020-04-28,Jammu and Kashmir,27,1,23
2020-04-29,Jammu and Kashmir,12,1,19
2020-04-30,Jammu and Kashmir,16,0,16
2020-05-01,Jammu and Kashmir,24,0,33
2020-05-02,Jammu and Kashmir,31,0,25
2020-05-03,Jammu and Kashmir,7,0,27
2020-05-04,Jammu and Kashmir,33,0,35
2020-05-05,Jammu and Kashmir,16,0,25
2020-05-06,Jammu and Kashmir,17,0,15
2020-05-07,Jammu and Kashmir,2,0,34
2020-05-08,Jammu and Kashmir,13,1,18
2020-05-09,Jammu and Kashmir,29,0,30
2020-05-10,Jammu and Kashmir,4,0,13
2020-05-11,Jammu and Kashmir,15,0,25
2020-05-12,Jammu and Kashmir,44,1,18
2020-05-13,Jammu and Kashmir,28,0,55
2020-05-14,Jammu and Kashmir,11,1,37
2020-05-15,Jammu and Kashmir,19,0,12
2020-05-16,Jammu and Kashmir,28,0,30
2020-05-17,Jammu and Kashmir,29,1,108
2020-05-18,Jammu and Kashmir,33,1,62
2020-05-19,Jammu and Kashmir,34,2,106
2020-03-12,Andhra Pradesh,0,0,1
2020-03-13,Andhra Pradesh,0,0,0
2020-03-14,Andhra Pradesh,0,0,0
2020-03-15,Andhra Pradesh,0,0,0
2020-03-16,Andhra Pradesh,0,0,0
2020-03-17,Andhra Pradesh,0,0,0
2020-03-18,Andhra Pradesh,0,0,0
2020-03-19,Andhra Pradesh,0,0,1
2020-03-20,Andhra Pradesh,0,0,1
2020-03-21,Andhra Pradesh,0,0,0
2020-03-22,Andhra Pradesh,0,0,2
2020-03-23,Andhra Pradesh,0,0,2
2020-03-24,Andhra Pradesh,0,0,1
2020-03-25,Andhra Pradesh,1,0,1
2020-03-26,Andhra Pradesh,0,0,2
2020-03-27,Andhra Pradesh,0,0,1
2020-03-28,Andhra Pradesh,0,0,2
2020-03-29,Andhra Pradesh,0,0,5
2020-03-30,Andhra Pradesh,0,0,4
2020-03-31,Andhra Pradesh,0,0,17
2020-04-01,Andhra Pradesh,0,0,43
2020-04-02,Andhra Pradesh,0,1,3
2020-04-03,Andhra Pradesh,0,0,46
2020-04-04,Andhra Pradesh,0,0,29
2020-04-05,Andhra Pradesh,0,0,29
2020-04-06,Andhra Pradesh,0,2,36
2020-04-07,Andhra Pradesh,0,0,40
2020-04-08,Andhra Pradesh,4,1,39
2020-04-09,Andhra Pradesh,1,0,43
2020-04-10,Andhra Pradesh,1,2,15
2020-04-11,Andhra Pradesh,4,0,18
2020-04-12,Andhra Pradesh,0,0,0
2020-04-13,Andhra Pradesh,0,1,51
2020-04-14,Andhra Pradesh,3,2,41
2020-04-15,Andhra Pradesh,2,0,30
2020-04-16,Andhra Pradesh,4,5,31
2020-04-17,Andhra Pradesh,16,0,38
2020-04-18,Andhra Pradesh,6,1,31
2020-04-19,Andhra Pradesh,0,0,0
2020-04-20,Andhra Pradesh,50,5,119
2020-04-21,Andhra Pradesh,4,2,35
2020-04-22,Andhra Pradesh,24,2,56
2020-04-23,Andhra Pradesh,21,3,82
2020-04-24,Andhra Pradesh,4,2,60
2020-04-25,Andhra Pradesh,26,2,106
2020-04-26,Andhra Pradesh,60,0,36
2020-04-27,Andhra Pradesh,4,0,80
2020-04-28,Andhra Pradesh,23,0,82
2020-04-29,Andhra Pradesh,29,0,73
2020-04-30,Andhra Pradesh,34,0,71
2020-05-01,Andhra Pradesh,82,2,60
2020-05-02,Andhra Pradesh,0,0,0
2020-05-03,Andhra Pradesh,85,0,120
2020-05-04,Andhra Pradesh,36,3,67
2020-05-05,Andhra Pradesh,65,0,67
2020-05-06,Andhra Pradesh,0,0,0
2020-05-07,Andhra Pradesh,140,0,60
2020-05-08,Andhra Pradesh,51,2,70
2020-05-09,Andhra Pradesh,62,3,40
2020-05-10,Andhra Pradesh,45,3,43
2020-05-11,Andhra Pradesh,38,1,50
2020-05-12,Andhra Pradesh,50,0,38
2020-05-13,Andhra Pradesh,81,1,72
2020-05-14,Andhra Pradesh,86,1,47
2020-05-15,Andhra Pradesh,50,1,68
2020-05-16,Andhra Pradesh,60,0,102
2020-05-17,Andhra Pradesh,101,1,48
2020-05-18,Andhra Pradesh,103,1,52
2020-05-19,Andhra Pradesh,96,0,67
2020-03-15,Uttarakhand,0,0,1
2020-03-16,Uttarakhand,0,0,0
2020-03-17,Uttarakhand,0,0,0
2020-03-18,Uttarakhand,0,0,0
2020-03-19,Uttarakhand,0,0,0
2020-03-20,Uttarakhand,0,0,2
2020-03-21,Uttarakhand,0,0,0
2020-03-22,Uttarakhand,0,0,0
2020-03-23,Uttarakhand,0,0,0
2020-03-24,Uttarakhand,0,0,1
2020-03-25,Uttarakhand,0,0,0
2020-03-26,Uttarakhand,0,0,1
2020-03-27,Uttarakhand,0,0,0
2020-03-28,Uttarakhand,0,0,0
2020-03-29,Uttarakhand,2,0,2
2020-03-30,Uttarakhand,0,0,0
2020-03-31,Uttarakhand,0,0,0
2020-04-01,Uttarakhand,0,0,0
2020-04-02,Uttarakhand,0,0,0
2020-04-03,Uttarakhand,0,0,3
2020-04-04,Uttarakhand,0,0,6
2020-04-05,Uttarakhand,0,0,6
2020-04-06,Uttarakhand,2,0,4
2020-04-07,Uttarakhand,1,0,5
2020-04-08,Uttarakhand,0,0,0
2020-04-09,Uttarakhand,0,0,4
2020-04-10,Uttarakhand,0,0,0
2020-04-11,Uttarakhand,0,0,0
2020-04-12,Uttarakhand,0,0,0
2020-04-13,Uttarakhand,0,0,0
2020-04-14,Uttarakhand,2,0,0
2020-04-15,Uttarakhand,2,0,2
2020-04-16,Uttarakhand,0,0,0
2020-04-17,Uttarakhand,0,0,0
2020-04-18,Uttarakhand,0,0,5
2020-04-19,Uttarakhand,0,0,0
2020-04-20,Uttarakhand,2,0,2
2020-04-21,Uttarakhand,7,0,2
2020-04-22,Uttarakhand,1,0,0
2020-04-23,Uttarakhand,4,0,0
2020-04-24,Uttarakhand,1,0,1
2020-04-25,Uttarakhand,1,0,1
2020-04-26,Uttarakhand,1,0,2
2020-04-27,Uttarakhand,7,0,1
2020-04-28,Uttarakhand,0,0,0
2020-04-29,Uttarakhand,1,0,3
2020-04-30,Uttarakhand,2,0,1
2020-05-01,Uttarakhand,0,0,2
2020-05-02,Uttarakhand,0,0,1
2020-05-03,Uttarakhand,3,0,1
2020-05-04,Uttarakhand,0,1,1
2020-05-05,Uttarakhand,0,0,0
2020-05-06,Uttarakhand,0,0,1
2020-05-07,Uttarakhand,0,0,0
2020-05-08,Uttarakhand,0,0,0
2020-05-09,Uttarakhand,7,0,2
2020-05-10,Uttarakhand,0,0,4
2020-05-11,Uttarakhand,0,0,1
2020-05-12,Uttarakhand,0,0,0
2020-05-13,Uttarakhand,0,0,1
2020-05-14,Uttarakhand,0,0,3
2020-05-15,Uttarakhand,4,0,6
2020-05-16,Uttarakhand,1,0,4
2020-05-17,Uttarakhand,0,0,6
2020-05-18,Uttarakhand,1,0,4
2020-05-19,Uttarakhand,0,0,1
2020-03-16,Odisha,0,0,1
2020-03-17,Odisha,0,0,0
2020-03-18,Odisha,0,0,0
2020-03-19,Odisha,0,0,0
2020-03-20,Odisha,0,0,1
2020-03-21,Odisha,0,0,0
2020-03-22,Odisha,0,0,0
2020-03-23,Odisha,0,0,0
2020-03-24,Odisha,0,0,0
2020-03-25,Odisha,0,0,0
2020-03-26,Odisha,0,0,0
2020-03-27,Odisha,0,0,0
2020-03-28,Odisha,0,0,1
2020-03-29,Odisha,0,0,0
2020-03-30,Odisha,0,0,0
2020-03-31,Odisha,0,0,0
2020-04-01,Odisha,0,0,1
2020-04-02,Odisha,0,0,0
2020-04-03,Odisha,0,0,1
2020-04-04,Odisha,0,0,0
2020-04-05,Odisha,0,0,15
2020-04-06,Odisha,2,0,1
2020-04-07,Odisha,0,1,21
2020-04-08,Odisha,0,0,0
2020-04-09,Odisha,0,0,0
2020-04-10,Odisha,0,0,2
2020-04-11,Odisha,0,0,4
2020-04-12,Odisha,10,0,6
2020-04-13,Odisha,0,0,0
2020-04-14,Odisha,6,0,1
2020-04-15,Odisha,0,0,5
2020-04-16,Odisha,0,0,0
2020-04-17,Odisha,1,0,0
2020-04-18,Odisha,2,0,0
2020-04-19,Odisha,3,0,1
2020-04-20,Odisha,0,0,7
2020-04-21,Odisha,0,0,6
2020-04-22,Odisha,6,0,8
2020-04-23,Odisha,2,0,1
2020-04-24,Odisha,1,0,7
2020-04-25,Odisha,0,0,4
2020-04-26,Odisha,1,0,9
2020-04-27,Odisha,1,0,5
2020-04-28,Odisha,2,0,10
2020-04-29,Odisha,1,0,1
2020-04-30,Odisha,1,0,9
2020-05-01,Odisha,2,0,15
2020-05-02,Odisha,14,0,6
2020-05-03,Odisha,1,0,11
2020-05-04,Odisha,4,0,3
2020-05-05,Odisha,0,0,7
2020-05-06,Odisha,0,0,5
2020-05-07,Odisha,1,1,10
2020-05-08,Odisha,1,0,34
2020-05-09,Odisha,1,0,52
2020-05-10,Odisha,0,0,23
2020-05-11,Odisha,5,1,83
2020-05-12,Odisha,17,0,37
2020-05-13,Odisha,31,0,23
2020-05-14,Odisha,27,0,101
2020-05-15,Odisha,15,0,73
2020-05-16,Odisha,8,0,61
2020-05-17,Odisha,30,0,65
2020-05-18,Odisha,24,1,91
2020-05-19,Odisha,0,0,48
2020-03-18,Puducherry,0,0,1
2020-03-19,Puducherry,0,0,0
2020-03-20,Puducherry,0,0,0
2020-03-21,Puducherry,0,0,0
2020-03-22,Puducherry,0,0,0
2020-03-23,Puducherry,0,0,0
2020-03-24,Puducherry,0,0,0
2020-03-25,Puducherry,0,0,0
2020-03-26,Puducherry,0,0,0
2020-03-27,Puducherry,0,0,0
2020-03-28,Puducherry,0,0,0
2020-03-29,Puducherry,0,0,0
2020-03-30,Puducherry,0,0,0
2020-03-31,Puducherry,0,0,0
2020-04-01,Puducherry,1,0,2
2020-04-02,Puducherry,0,0,0
2020-04-03,Puducherry,0,0,2
2020-04-04,Puducherry,0,0,0
2020-04-05,Puducherry,0,0,0
2020-04-06,Puducherry,0,0,0
2020-04-07,Puducherry,0,0,0
2020-04-08,Puducherry,0,0,0
2020-04-09,Puducherry,0,0,0
2020-04-10,Puducherry,0,0,0
2020-04-11,Puducherry,0,0,2
2020-04-12,Puducherry,0,0,0
2020-04-13,Puducherry,0,0,0
2020-04-14,Puducherry,0,0,0
2020-04-15,Puducherry,0,0,0
2020-04-16,Puducherry,0,0,0
2020-04-17,Puducherry,0,0,0
2020-04-18,Puducherry,2,0,0
2020-04-19,Puducherry,0,0,0
2020-04-20,Puducherry,0,0,0
2020-04-21,Puducherry,0,0,0
2020-04-22,Puducherry,0,0,0
2020-04-23,Puducherry,0,0,0
2020-04-24,Puducherry,0,0,0
2020-04-25,Puducherry,0,0,0
2020-04-26,Puducherry,0,0,0
2020-04-27,Puducherry,0,0,1
2020-04-28,Puducherry,0,0,0
2020-04-29,Puducherry,0,0,0
2020-04-30,Puducherry,2,0,0
2020-05-01,Puducherry,0,0,0
2020-05-02,Puducherry,0,0,0
2020-05-03,Puducherry,0,0,0
2020-05-04,Puducherry,0,0,0
2020-05-05,Puducherry,1,0,1
2020-05-06,Puducherry,0,0,0
2020-05-07,Puducherry,0,0,0
2020-05-08,Puducherry,0,0,0
2020-05-09,Puducherry,0,0,0
2020-05-10,Puducherry,0,0,0
2020-05-11,Puducherry,0,0,0
2020-05-12,Puducherry,0,0,3
2020-05-13,Puducherry,3,1,1
2020-05-14,Puducherry,0,0,0
2020-05-15,Puducherry,0,0,0
2020-05-16,Puducherry,0,0,0
2020-05-17,Puducherry,0,0,0
2020-05-18,Puducherry,0,0,0
2020-05-19,Puducherry,0,0,5
2020-03-18,West Bengal,0,0,1
2020-03-19,West Bengal,0,0,0
2020-03-20,West Bengal,0,0,1
2020-03-21,West Bengal,0,0,1
2020-03-22,West Bengal,0,0,1
2020-03-23,West Bengal,0,0,3
2020-03-24,West Bengal,0,1,2
2020-03-25,West Bengal,0,0,0
2020-03-26,West Bengal,0,0,1
2020-03-27,West Bengal,0,0,0
2020-03-28,West Bengal,0,0,5
2020-03-29,West Bengal,0,0,3
2020-03-30,West Bengal,0,0,4
2020-03-31,West Bengal,0,1,4
2020-04-01,West Bengal,6,1,11
2020-04-02,West Bengal,0,0,16
2020-04-03,West Bengal,0,0,10
2020-04-04,West Bengal,0,0,6
2020-04-05,West Bengal,7,0,11
2020-04-06,West Bengal,0,0,0
2020-04-07,West Bengal,3,0,11
2020-04-08,West Bengal,0,2,8
2020-04-09,West Bengal,3,0,4
2020-04-10,West Bengal,0,0,13
2020-04-11,West Bengal,0,0,10
2020-04-12,West Bengal,3,0,8
2020-04-13,West Bengal,10,2,18
2020-04-14,West Bengal,7,0,38
2020-04-15,West Bengal,1,0,23
2020-04-16,West Bengal,5,0,18
2020-04-17,West Bengal,9,3,24
2020-04-18,West Bengal,4,0,32
2020-04-19,West Bengal,7,2,23
2020-04-20,West Bengal,4,0,29
2020-04-21,West Bengal,7,0,53
2020-04-22,West Bengal,0,3,31
2020-04-23,West Bengal,6,0,33
2020-04-24,West Bengal,24,0,58
2020-04-25,West Bengal,0,3,57
2020-04-26,West Bengal,2,0,40
2020-04-27,West Bengal,0,2,38
2020-04-28,West Bengal,4,0,48
2020-04-29,West Bengal,10,2,28
2020-04-30,West Bengal,5,0,33
2020-05-01,West Bengal,15,11,37
2020-05-02,West Bengal,0,0,0
2020-05-03,West Bengal,12,0,127
2020-05-04,West Bengal,0,2,41
2020-05-05,West Bengal,67,98,296
2020-05-06,West Bengal,146,7,85
2020-05-07,West Bengal,0,4,112
2020-05-08,West Bengal,0,7,92
2020-05-09,West Bengal,0,9,130
2020-05-10,West Bengal,8,11,108
2020-05-11,West Bengal,45,14,153
2020-05-12,West Bengal,82,5,124
2020-05-13,West Bengal,113,8,110
2020-05-14,West Bengal,90,9,117
2020-05-15,West Bengal,66,8,87
2020-05-16,West Bengal,61,10,84
2020-05-17,West Bengal,43,7,115
2020-05-18,West Bengal,87,6,101
2020-05-19,West Bengal,47,6,148
2020-03-19,Chhattisgarh,0,0,1
2020-03-20,Chhattisgarh,0,0,0
2020-03-21,Chhattisgarh,0,0,0
2020-03-22,Chhattisgarh,0,0,0
2020-03-23,Chhattisgarh,0,0,0
2020-03-24,Chhattisgarh,0,0,0
2020-03-25,Chhattisgarh,0,0,0
2020-03-26,Chhattisgarh,0,0,5
2020-03-27,Chhattisgarh,0,0,0
2020-03-28,Chhattisgarh,0,0,0
2020-03-29,Chhattisgarh,0,0,1
2020-03-30,Chhattisgarh,0,0,0
2020-03-31,Chhattisgarh,0,0,1
2020-04-01,Chhattisgarh,2,0,1
2020-04-02,Chhattisgarh,0,0,0
2020-04-03,Chhattisgarh,1,0,0
2020-04-04,Chhattisgarh,0,0,0
2020-04-05,Chhattisgarh,0,0,0
2020-04-06,Chhattisgarh,5,0,1
2020-04-07,Chhattisgarh,1,0,0
2020-04-08,Chhattisgarh,0,0,0
2020-04-09,Chhattisgarh,0,0,0
2020-04-10,Chhattisgarh,0,0,0
2020-04-11,Chhattisgarh,0,0,8
2020-04-12,Chhattisgarh,1,0,7
2020-04-13,Chhattisgarh,0,0,6
2020-04-14,Chhattisgarh,0,0,0
2020-04-15,Chhattisgarh,3,0,2
2020-04-16,Chhattisgarh,4,0,0
2020-04-17,Chhattisgarh,6,0,3
2020-04-18,Chhattisgarh,1,0,0
2020-04-19,Chhattisgarh,0,0,0
2020-04-20,Chhattisgarh,1,0,0
2020-04-21,Chhattisgarh,0,0,0
2020-04-22,Chhattisgarh,1,0,0
2020-04-23,Chhattisgarh,2,0,0
2020-04-24,Chhattisgarh,0,0,0
2020-04-25,Chhattisgarh,2,0,0
2020-04-26,Chhattisgarh,2,0,1
2020-04-27,Chhattisgarh,0,0,0
2020-04-28,Chhattisgarh,0,0,0
2020-04-29,Chhattisgarh,2,0,1
2020-04-30,Chhattisgarh,2,0,0
2020-05-01,Chhattisgarh,0,0,2
2020-05-02,Chhattisgarh,0,0,3
2020-05-03,Chhattisgarh,0,0,0
2020-05-04,Chhattisgarh,0,0,14
2020-05-05,Chhattisgarh,0,0,1
2020-05-06,Chhattisgarh,0,0,1
2020-05-07,Chhattisgarh,0,0,0
2020-05-08,Chhattisgarh,2,0,0
2020-05-09,Chhattisgarh,0,0,0
2020-05-10,Chhattisgarh,5,0,0
2020-05-11,Chhattisgarh,6,0,0
2020-05-12,Chhattisgarh,4,0,0
2020-05-13,Chhattisgarh,1,0,0
2020-05-14,Chhattisgarh,1,0,0
2020-05-15,Chhattisgarh,1,0,1
2020-05-16,Chhattisgarh,0,0,6
2020-05-17,Chhattisgarh,0,0,1
2020-05-18,Chhattisgarh,3,0,19
2020-05-19,Chhattisgarh,0,0,7
2020-03-19,Chandigarh,0,0,1
2020-03-20,Chandigarh,0,0,0
2020-03-21,Chandigarh,0,0,0
2020-03-22,Chandigarh,0,0,4
2020-03-23,Chandigarh,0,0,1
2020-03-24,Chandigarh,0,0,1
2020-03-25,Chandigarh,0,0,0
2020-03-26,Chandigarh,0,0,0
2020-03-27,Chandigarh,0,0,0
2020-03-28,Chandigarh,0,0,1
2020-03-29,Chandigarh,0,0,0
2020-03-30,Chandigarh,0,0,0
2020-03-31,Chandigarh,0,0,5
2020-04-01,Chandigarh,0,0,3
2020-04-02,Chandigarh,0,0,0
2020-04-03,Chandigarh,0,0,2
2020-04-04,Chandigarh,0,0,0
2020-04-05,Chandigarh,0,0,0
2020-04-06,Chandigarh,0,0,0
2020-04-07,Chandigarh,7,0,0
2020-04-08,Chandigarh,0,0,0
2020-04-09,Chandigarh,0,0,0
2020-04-10,Chandigarh,0,0,0
2020-04-11,Chandigarh,0,0,0
2020-04-12,Chandigarh,0,0,1
2020-04-13,Chandigarh,0,0,2
2020-04-14,Chandigarh,0,0,0
2020-04-15,Chandigarh,0,0,0
2020-04-16,Chandigarh,0,0,0
2020-04-17,Chandigarh,2,0,0
2020-04-18,Chandigarh,0,0,0
2020-04-19,Chandigarh,1,0,2
2020-04-20,Chandigarh,3,0,3
2020-04-21,Chandigarh,0,0,0
2020-04-22,Chandigarh,1,0,1
2020-04-23,Chandigarh,0,0,0
2020-04-24,Chandigarh,0,0,0
2020-04-25,Chandigarh,1,0,1
2020-04-26,Chandigarh,2,0,2
2020-04-27,Chandigarh,0,0,0
2020-04-28,Chandigarh,0,0,10
2020-04-29,Chandigarh,0,0,16
2020-04-30,Chandigarh,0,0,0
2020-05-01,Chandigarh,0,0,0
2020-05-02,Chandigarh,0,0,32
2020-05-03,Chandigarh,2,0,6
2020-05-04,Chandigarh,0,0,0
2020-05-05,Chandigarh,2,1,8
2020-05-06,Chandigarh,0,0,9
2020-05-07,Chandigarh,0,0,9
2020-05-08,Chandigarh,0,0,15
2020-05-09,Chandigarh,0,0,15
2020-05-10,Chandigarh,3,1,19
2020-05-11,Chandigarh,0,0,0
2020-05-12,Chandigarh,0,0,5
2020-05-13,Chandigarh,4,1,13
2020-05-14,Chandigarh,0,0,0
2020-05-15,Chandigarh,9,0,4
2020-05-16,Chandigarh,0,0,0
2020-05-17,Chandigarh,14,0,0
2020-05-18,Chandigarh,0,0,0
2020-05-19,Chandigarh,3,0,5
2020-03-20,Gujarat,0,0,5
2020-03-21,Gujarat,0,0,2
2020-03-22,Gujarat,0,1,11
2020-03-23,Gujarat,0,0,11
2020-03-24,Gujarat,0,0,4
2020-03-25,Gujarat,0,0,5
2020-03-26,Gujarat,0,2,5
2020-03-27,Gujarat,0,0,0
2020-03-28,Gujarat,0,0,2
2020-03-29,Gujarat,1,2,13
2020-03-30,Gujarat,0,1,11
2020-03-31,Gujarat,2,0,4
2020-04-01,Gujarat,2,0,9
2020-04-02,Gujarat,3,1,5
2020-04-03,Gujarat,2,1,8
2020-04-04,Gujarat,4,2,10
2020-04-05,Gujarat,4,1,17
2020-04-06,Gujarat,4,1,22
2020-04-07,Gujarat,3,1,21
2020-04-08,Gujarat,0,0,0
2020-04-09,Gujarat,0,3,14
2020-04-10,Gujarat,1,1,62
2020-04-11,Gujarat,5,2,67
2020-04-12,Gujarat,13,3,124
2020-04-13,Gujarat,3,4,107
2020-04-14,Gujarat,8,0,78
2020-04-15,Gujarat,4,4,78
2020-04-16,Gujarat,5,6,176
2020-04-17,Gujarat,10,2,150
2020-04-18,Gujarat,14,10,251
2020-04-19,Gujarat,6,10,332
2020-04-20,Gujarat,12,9,247
2020-04-21,Gujarat,25,10,215
2020-04-22,Gujarat,13,18,206
2020-04-23,Gujarat,35,8,135
2020-04-24,Gujarat,79,9,217
2020-04-25,Gujarat,7,15,191
2020-04-26,Gujarat,17,6,256
2020-04-27,Gujarat,31,18,230
2020-04-28,Gujarat,81,11,247
2020-04-29,Gujarat,40,19,226
2020-04-30,Gujarat,93,16,308
2020-05-01,Gujarat,86,17,313
2020-05-02,Gujarat,122,22,326
2020-05-03,Gujarat,161,26,334
2020-05-04,Gujarat,146,28,373
2020-05-05,Gujarat,153,29,376
2020-05-06,Gujarat,186,49,441
2020-05-07,Gujarat,119,28,380
2020-05-08,Gujarat,209,29,387
2020-05-09,Gujarat,163,24,390
2020-05-10,Gujarat,219,23,394
2020-05-11,Gujarat,454,21,398
2020-05-12,Gujarat,235,20,347
2020-05-13,Gujarat,466,24,362
2020-05-14,Gujarat,316,29,364
2020-05-15,Gujarat,191,20,324
2020-05-16,Gujarat,282,20,340
2020-05-17,Gujarat,273,19,1057
2020-05-18,Gujarat,191,34,391
2020-05-19,Gujarat,305,35,366
2020-03-21,Himachal Pradesh,0,0,2
2020-03-22,Himachal Pradesh,0,0,0
2020-03-23,Himachal Pradesh,0,0,0
2020-03-24,Himachal Pradesh,0,1,1
2020-03-25,Himachal Pradesh,0,0,0
2020-03-26,Himachal Pradesh,0,0,0
2020-03-27,Himachal Pradesh,0,0,0
2020-03-28,Himachal Pradesh,0,0,0
2020-03-29,Himachal Pradesh,0,0,0
2020-03-30,Himachal Pradesh,0,0,0
2020-03-31,Himachal Pradesh,0,0,0
2020-04-01,Himachal Pradesh,0,0,0
2020-04-02,Himachal Pradesh,1,0,0
2020-04-03,Himachal Pradesh,0,0,3
2020-04-04,Himachal Pradesh,0,0,0
2020-04-05,Himachal Pradesh,0,0,0
2020-04-06,Himachal Pradesh,1,0,7
2020-04-07,Himachal Pradesh,0,0,0
2020-04-08,Himachal Pradesh,0,0,5
2020-04-09,Himachal Pradesh,0,0,0
2020-04-10,Himachal Pradesh,4,0,10
2020-04-11,Himachal Pradesh,0,0,0
2020-04-12,Himachal Pradesh,0,0,4
2020-04-13,Himachal Pradesh,7,0,0
2020-04-14,Himachal Pradesh,0,0,0
2020-04-15,Himachal Pradesh,0,0,1
2020-04-16,Himachal Pradesh,3,0,2
2020-04-17,Himachal Pradesh,0,0,0
2020-04-18,Himachal Pradesh,0,0,3
2020-04-19,Himachal Pradesh,0,0,1
2020-04-20,Himachal Pradesh,0,0,0
2020-04-21,Himachal Pradesh,0,0,0
2020-04-22,Himachal Pradesh,0,0,0
2020-04-23,Himachal Pradesh,2,0,1
2020-04-24,Himachal Pradesh,0,0,0
2020-04-25,Himachal Pradesh,0,0,0
2020-04-26,Himachal Pradesh,4,0,0
2020-04-27,Himachal Pradesh,0,0,0
2020-04-28,Himachal Pradesh,0,0,0
2020-04-29,Himachal Pradesh,3,0,0
2020-04-30,Himachal Pradesh,0,0,0
2020-05-01,Himachal Pradesh,3,0,0
2020-05-02,Himachal Pradesh,2,0,0
2020-05-03,Himachal Pradesh,3,0,0
2020-05-04,Himachal Pradesh,1,0,0
2020-05-05,Himachal Pradesh,4,0,1
2020-05-06,Himachal Pradesh,0,1,1
2020-05-07,Himachal Pradesh,0,0,3
2020-05-08,Himachal Pradesh,0,0,1
2020-05-09,Himachal Pradesh,0,0,4
2020-05-10,Himachal Pradesh,0,0,0
2020-05-11,Himachal Pradesh,1,0,5
2020-05-12,Himachal Pradesh,0,0,4
2020-05-13,Himachal Pradesh,0,0,6
2020-05-14,Himachal Pradesh,0,0,1
2020-05-15,Himachal Pradesh,0,0,8
2020-05-16,Himachal Pradesh,0,1,2
2020-05-17,Himachal Pradesh,4,0,2
2020-05-18,Himachal Pradesh,1,0,2
2020-05-19,Himachal Pradesh,0,0,10
2020-03-21,Madhya Pradesh,0,0,4
2020-03-22,Madhya Pradesh,0,0,0
2020-03-23,Madhya Pradesh,0,0,2
2020-03-24,Madhya Pradesh,0,0,1
2020-03-25,Madhya Pradesh,0,0,7
2020-03-26,Madhya Pradesh,0,1,6
2020-03-27,Madhya Pradesh,0,0,0
2020-03-28,Madhya Pradesh,0,1,10
2020-03-29,Madhya Pradesh,0,0,0
2020-03-30,Madhya Pradesh,0,1,17
2020-03-31,Madhya Pradesh,0,0,0
2020-04-01,Madhya Pradesh,0,0,19
2020-04-02,Madhya Pradesh,0,3,33
2020-04-03,Madhya Pradesh,0,0,5
2020-04-04,Madhya Pradesh,0,0,0
2020-04-05,Madhya Pradesh,0,3,61
2020-04-06,Madhya Pradesh,0,0,0
2020-04-07,Madhya Pradesh,0,4,64
2020-04-08,Madhya Pradesh,0,0,0
2020-04-09,Madhya Pradesh,0,3,30
2020-04-10,Madhya Pradesh,0,0,0
2020-04-11,Madhya Pradesh,0,17,184
2020-04-12,Madhya Pradesh,0,3,121
2020-04-13,Madhya Pradesh,44,7,40
2020-04-14,Madhya Pradesh,7,7,126
2020-04-15,Madhya Pradesh,13,3,257
2020-04-16,Madhya Pradesh,0,0,133
2020-04-17,Madhya Pradesh,1,4,188
2020-04-18,Madhya Pradesh,4,12,47
2020-04-19,Madhya Pradesh,58,1,52
2020-04-20,Madhya Pradesh,0,4,78
2020-04-21,Madhya Pradesh,0,2,55
2020-04-22,Madhya Pradesh,21,4,52
2020-04-23,Madhya Pradesh,0,1,103
2020-04-24,Madhya Pradesh,55,2,157
2020-04-25,Madhya Pradesh,7,9,100
2020-04-26,Madhya Pradesh,0,7,144
2020-04-27,Madhya Pradesh,92,7,72
2020-04-28,Madhya Pradesh,59,7,200
2020-04-29,Madhya Pradesh,16,6,193
2020-04-30,Madhya Pradesh,84,11,99
2020-05-01,Madhya Pradesh,21,7,59
2020-05-02,Madhya Pradesh,42,8,0
2020-05-03,Madhya Pradesh,274,11,127
2020-05-04,Madhya Pradesh,0,9,96
2020-05-05,Madhya Pradesh,202,11,107
2020-05-06,Madhya Pradesh,0,0,0
2020-05-07,Madhya Pradesh,99,9,89
2020-05-08,Madhya Pradesh,132,8,114
2020-05-09,Madhya Pradesh,118,7,89
2020-05-10,Madhya Pradesh,327,15,273
2020-05-11,Madhya Pradesh,0,0,0
2020-05-12,Madhya Pradesh,71,6,171
2020-05-13,Madhya Pradesh,113,4,201
2020-05-14,Madhya Pradesh,144,7,187
2020-05-15,Madhya Pradesh,167,5,253
2020-05-16,Madhya Pradesh,112,2,169
2020-05-17,Madhya Pradesh,32,4,194
2020-05-18,Madhya Pradesh,88,5,188
2020-05-19,Madhya Pradesh,32,4,259
2020-03-22,Bihar,0,1,2
2020-03-23,Bihar,0,0,0
2020-03-24,Bihar,0,0,1
2020-03-25,Bihar,0,0,1
2020-03-26,Bihar,0,0,2
2020-03-27,Bihar,0,0,0
2020-03-28,Bihar,0,0,3
2020-03-29,Bihar,0,0,2
2020-03-30,Bihar,0,0,4
2020-03-31,Bihar,0,0,0
2020-04-01,Bihar,0,0,8
2020-04-02,Bihar,0,0,1
2020-04-03,Bihar,0,0,5
2020-04-04,Bihar,0,0,1
2020-04-05,Bihar,0,0,0
2020-04-06,Bihar,0,0,2
2020-04-07,Bihar,0,0,0
2020-04-08,Bihar,0,0,6
2020-04-09,Bihar,0,0,1
2020-04-10,Bihar,0,0,21
2020-04-11,Bihar,0,0,0
2020-04-12,Bihar,19,0,4
2020-04-13,Bihar,7,0,0
2020-04-14,Bihar,0,0,2
2020-04-15,Bihar,3,0,4
2020-04-16,Bihar,0,0,4
2020-04-17,Bihar,8,0,9
2020-04-18,Bihar,0,1,2
2020-04-19,Bihar,0,0,1
2020-04-20,Bihar,5,0,10
2020-04-21,Bihar,0,0,18
2020-04-22,Bihar,4,0,12
2020-04-23,Bihar,0,0,22
2020-04-24,Bihar,0,0,28
2020-04-25,Bihar,0,0,52
2020-04-26,Bihar,0,0,23
2020-04-27,Bihar,10,0,26
2020-04-28,Bihar,1,0,69
2020-04-29,Bihar,7,0,37
2020-04-30,Bihar,1,0,20
2020-05-01,Bihar,17,0,23
2020-05-02,Bihar,16,1,45
2020-05-03,Bihar,19,1,11
2020-05-04,Bihar,8,0,35
2020-05-05,Bihar,5,0,12
2020-05-06,Bihar,12,0,7
2020-05-07,Bihar,46,0,6
2020-05-08,Bihar,58,1,8
2020-05-09,Bihar,51,0,21
2020-05-10,Bihar,25,0,20
2020-05-11,Bihar,43,1,105
2020-05-12,Bihar,12,0,51
2020-05-13,Bihar,6,0,84
2020-05-14,Bihar,5,1,109
2020-05-15,Bihar,23,0,54
2020-05-16,Bihar,27,0,24
2020-05-17,Bihar,15,0,161
2020-05-18,Bihar,22,1,83
2020-05-19,Bihar,19,1,129
2020-03-24,Manipur,0,0,1
2020-03-25,Manipur,0,0,0
2020-03-26,Manipur,0,0,0
2020-03-27,Manipur,0,0,0
2020-03-28,Manipur,0,0,0
2020-03-29,Manipur,0,0,0
2020-03-30,Manipur,0,0,0
2020-03-31,Manipur,0,0,0
2020-04-01,Manipur,0,0,0
2020-04-02,Manipur,0,0,0
2020-04-03,Manipur,0,0,1
2020-04-04,Manipur,0,0,0
2020-04-05,Manipur,0,0,0
2020-04-06,Manipur,0,0,0
2020-04-07,Manipur,0,0,0
2020-04-08,Manipur,0,0,0
2020-04-09,Manipur,1,0,0
2020-04-10,Manipur,0,0,0
2020-04-11,Manipur,0,0,0
2020-04-12,Manipur,0,0,0
2020-04-13,Manipur,0,0,0
2020-04-14,Manipur,0,0,0
2020-04-15,Manipur,0,0,0
2020-04-16,Manipur,0,0,0
2020-04-17,Manipur,0,0,0
2020-04-18,Manipur,0,0,0
2020-04-19,Manipur,0,0,0
2020-04-20,Manipur,1,0,0
2020-04-21,Manipur,0,0,0
2020-04-22,Manipur,0,0,0
2020-04-23,Manipur,0,0,0
2020-04-24,Manipur,0,0,0
2020-04-25,Manipur,0,0,0
2020-04-26,Manipur,0,0,0
2020-04-27,Manipur,0,0,0
2020-04-28,Manipur,0,0,0
2020-04-29,Manipur,0,0,0
2020-04-30,Manipur,0,0,0
2020-05-01,Manipur,0,0,0
2020-05-02,Manipur,0,0,0
2020-05-03,Manipur,0,0,0
2020-05-04,Manipur,0,0,0
2020-05-05,Manipur,0,0,0
2020-05-06,Manipur,0,0,0
2020-05-07,Manipur,0,0,0
2020-05-08,Manipur,0,0,0
2020-05-09,Manipur,0,0,0
2020-05-10,Manipur,0,0,0
2020-05-11,Manipur,0,0,0
2020-05-12,Manipur,0,0,0
2020-05-13,Manipur,0,0,0
2020-05-14,Manipur,0,0,0
2020-05-15,Manipur,0,0,1
2020-05-16,Manipur,0,0,0
2020-05-17,Manipur,0,0,4
2020-05-18,Manipur,0,0,0
2020-05-19,Manipur,0,0,0
2020-03-25,Mizoram,0,0,1
2020-03-26,Mizoram,0,0,0
2020-03-27,Mizoram,0,0,0
2020-03-28,Mizoram,0,0,0
2020-03-29,Mizoram,0,0,0
2020-03-30,Mizoram,0,0,0
2020-03-31,Mizoram,0,0,0
2020-04-01,Mizoram,0,0,0
2020-04-02,Mizoram,0,0,0
2020-04-03,Mizoram,0,0,0
2020-04-04,Mizoram,0,0,0
2020-04-05,Mizoram,0,0,0
2020-04-06,Mizoram,0,0,0
2020-04-07,Mizoram,0,0,0
2020-04-08,Mizoram,0,0,0
2020-04-09,Mizoram,0,0,0
2020-04-10,Mizoram,0,0,0
2020-04-11,Mizoram,0,0,0
2020-04-12,Mizoram,0,0,0
2020-04-13,Mizoram,0,0,0
2020-04-14,Mizoram,0,0,0
2020-04-15,Mizoram,0,0,0
2020-04-16,Mizoram,0,0,0
2020-04-17,Mizoram,0,0,0
2020-04-18,Mizoram,0,0,0
2020-04-19,Mizoram,0,0,0
2020-04-20,Mizoram,0,0,0
2020-04-21,Mizoram,0,0,0
2020-04-22,Mizoram,0,0,0
2020-04-23,Mizoram,0,0,0
2020-04-24,Mizoram,0,0,0
2020-04-25,Mizoram,0,0,0
2020-04-26,Mizoram,0,0,0
2020-04-27,Mizoram,0,0,0
2020-04-28,Mizoram,0,0,0
2020-04-29,Mizoram,0,0,0
2020-04-30,Mizoram,0,0,0
2020-05-01,Mizoram,0,0,0
2020-05-02,Mizoram,0,0,0
2020-05-03,Mizoram,0,0,0
2020-05-04,Mizoram,0,0,0
2020-05-05,Mizoram,0,0,0
2020-05-06,Mizoram,0,0,0
2020-05-07,Mizoram,0,0,0
2020-05-08,Mizoram,0,0,0
2020-05-09,Mizoram,0,0,0
2020-05-10,Mizoram,1,0,0
2020-05-11,Mizoram,0,0,0
2020-05-12,Mizoram,0,0,0
2020-05-13,Mizoram,0,0,0
2020-05-14,Mizoram,0,0,0
2020-05-15,Mizoram,0,0,0
2020-05-16,Mizoram,0,0,0
2020-05-17,Mizoram,0,0,0
2020-05-18,Mizoram,0,0,0
2020-05-19,Mizoram,0,0,0
2020-03-26,Andaman and Nicobar Islands,0,0,1
2020-03-27,Andaman and Nicobar Islands,0,0,0
2020-03-28,Andaman and Nicobar Islands,0,0,5
2020-03-29,Andaman and Nicobar Islands,0,0,3
2020-03-30,Andaman and Nicobar Islands,0,0,0
2020-03-31,Andaman and Nicobar Islands,0,0,1
2020-04-01,Andaman and Nicobar Islands,0,0,0
2020-04-02,Andaman and Nicobar Islands,0,0,0
2020-04-03,Andaman and Nicobar Islands,0,0,0
2020-04-04,Andaman and Nicobar Islands,0,0,0
2020-04-05,Andaman and Nicobar Islands,0,0,0
2020-04-06,Andaman and Nicobar Islands,0,0,0
2020-04-07,Andaman and Nicobar Islands,0,0,0
2020-04-08,Andaman and Nicobar Islands,0,0,0
2020-04-09,Andaman and Nicobar Islands,0,0,1
2020-04-10,Andaman and Nicobar Islands,0,0,0
2020-04-11,Andaman and Nicobar Islands,0,0,0
2020-04-12,Andaman and Nicobar Islands,10,0,0
2020-04-13,Andaman and Nicobar Islands,0,0,0
2020-04-14,Andaman and Nicobar Islands,0,0,0
2020-04-15,Andaman and Nicobar Islands,0,0,0
2020-04-16,Andaman and Nicobar Islands,0,0,0
2020-04-17,Andaman and Nicobar Islands,0,0,0
2020-04-18,Andaman and Nicobar Islands,1,0,1
2020-04-19,Andaman and Nicobar Islands,0,0,2
2020-04-20,Andaman and Nicobar Islands,0,0,1
2020-04-21,Andaman and Nicobar Islands,0,0,1
2020-04-22,Andaman and Nicobar Islands,0,0,1
2020-04-23,Andaman and Nicobar Islands,0,0,1
2020-04-24,Andaman and Nicobar Islands,0,0,4
2020-04-25,Andaman and Nicobar Islands,0,0,5
2020-04-26,Andaman and Nicobar Islands,0,0,6
2020-04-27,Andaman and Nicobar Islands,0,0,0
2020-04-28,Andaman and Nicobar Islands,0,0,0
2020-04-29,Andaman and Nicobar Islands,4,0,0
2020-04-30,Andaman and Nicobar Islands,0,0,0
2020-05-01,Andaman and Nicobar Islands,1,0,0
2020-05-02,Andaman and Nicobar Islands,0,0,0
2020-05-03,Andaman and Nicobar Islands,1,0,0
2020-05-04,Andaman and Nicobar Islands,15,0,0
2020-05-05,Andaman and Nicobar Islands,0,0,0
2020-05-06,Andaman and Nicobar Islands,0,0,0
2020-05-07,Andaman and Nicobar Islands,0,0,0
2020-05-08,Andaman and Nicobar Islands,1,0,0
2020-05-09,Andaman and Nicobar Islands,0,0,0
2020-05-10,Andaman and Nicobar Islands,0,0,0
2020-05-11,Andaman and Nicobar Islands,0,0,0
2020-05-12,Andaman and Nicobar Islands,0,0,0
2020-05-13,Andaman and Nicobar Islands,0,0,0
2020-05-14,Andaman and Nicobar Islands,0,0,0
2020-05-15,Andaman and Nicobar Islands,0,0,0
2020-05-16,Andaman and Nicobar Islands,0,0,0
2020-05-17,Andaman and Nicobar Islands,0,0,0
2020-05-18,Andaman and Nicobar Islands,0,0,0
2020-05-19,Andaman and Nicobar Islands,0,0,0
2020-03-26,Goa,0,0,3
2020-03-27,Goa,0,0,0
2020-03-28,Goa,0,0,0
2020-03-29,Goa,0,0,2
2020-03-30,Goa,0,0,0
2020-03-31,Goa,0,0,0
2020-04-01,Goa,0,0,0
2020-04-02,Goa,0,0,0
2020-04-03,Goa,0,0,1
2020-04-04,Goa,0,0,1
2020-04-05,Goa,0,0,0
2020-04-06,Goa,0,0,0
2020-04-07,Goa,0,0,0
2020-04-08,Goa,0,0,0
2020-04-09,Goa,0,0,0
2020-04-10,Goa,1,0,0
2020-04-11,Goa,0,0,0
2020-04-12,Goa,4,0,0
2020-04-13,Goa,0,0,0
2020-04-14,Goa,0,0,0
2020-04-15,Goa,0,0,0
2020-04-16,Goa,0,0,0
2020-04-17,Goa,1,0,0
2020-04-18,Goa,0,0,0
2020-04-19,Goa,0,0,0
2020-04-20,Goa,1,0,0
2020-04-21,Goa,0,0,0
2020-04-22,Goa,0,0,0
2020-04-23,Goa,0,0,0
2020-04-24,Goa,0,0,0
2020-04-25,Goa,0,0,0
2020-04-26,Goa,0,0,0
2020-04-27,Goa,0,0,0
2020-04-28,Goa,0,0,0
2020-04-29,Goa,0,0,0
2020-04-30,Goa,0,0,0
2020-05-01,Goa,0,0,0
2020-05-02,Goa,0,0,0
2020-05-03,Goa,0,0,0
2020-05-04,Goa,0,0,0
2020-05-05,Goa,0,0,0
2020-05-06,Goa,0,0,0
2020-05-07,Goa,0,0,0
2020-05-08,Goa,0,0,0
2020-05-09,Goa,0,0,0
2020-05-10,Goa,0,0,0
2020-05-11,Goa,0,0,0
2020-05-12,Goa,0,0,0
2020-05-13,Goa,0,0,0
2020-05-14,Goa,0,0,0
2020-05-15,Goa,0,0,7
2020-05-16,Goa,0,0,1
2020-05-17,Goa,0,0,2
2020-05-18,Goa,0,0,12
2020-05-19,Goa,0,0,9
2020-03-30,Unassigned,0,0,46
2020-03-31,Unassigned,0,0,0
2020-04-03,Unassigned,0,0,39
2020-04-01,Assam,0,0,1
2020-04-02,Assam,0,0,4
2020-04-03,Assam,0,0,11
2020-04-04,Assam,0,0,8
2020-04-05,Assam,0,0,2
2020-04-06,Assam,0,0,0
2020-04-07,Assam,0,0,0
2020-04-08,Assam,0,0,1
2020-04-09,Assam,0,0,1
2020-04-10,Assam,0,0,1
2020-04-11,Assam,0,1,0
2020-04-12,Assam,0,0,0
2020-04-13,Assam,0,0,2
2020-04-14,Assam,0,0,0
2020-04-15,Assam,0,0,2
2020-04-16,Assam,5,0,0
2020-04-17,Assam,0,0,2
2020-04-18,Assam,4,0,0
2020-04-19,Assam,3,0,0
2020-04-20,Assam,5,0,0
2020-04-21,Assam,2,0,0
2020-04-22,Assam,0,0,0
2020-04-23,Assam,0,0,0
2020-04-24,Assam,0,0,1
2020-04-25,Assam,0,0,0
2020-04-26,Assam,0,0,0
2020-04-27,Assam,8,0,0
2020-04-28,Assam,0,0,2
2020-04-29,Assam,0,0,0
2020-04-30,Assam,2,0,4
2020-05-01,Assam,0,0,0
2020-05-02,Assam,3,0,1
2020-05-03,Assam,0,0,0
2020-05-04,Assam,0,0,0
2020-05-05,Assam,0,0,0
2020-05-06,Assam,0,0,0
2020-05-07,Assam,0,0,2
2020-05-08,Assam,2,0,9
2020-05-09,Assam,0,0,5
2020-05-10,Assam,0,1,4
2020-05-11,Assam,0,0,0
2020-05-12,Assam,0,0,2
2020-05-13,Assam,5,0,0
2020-05-14,Assam,0,0,15
2020-05-15,Assam,0,0,7
2020-05-16,Assam,2,0,3
2020-05-17,Assam,0,0,2
2020-05-18,Assam,0,0,9
2020-05-19,Assam,0,0,6
2020-04-01,Jharkhand,0,0,1
2020-04-02,Jharkhand,0,0,0
2020-04-03,Jharkhand,0,0,1
2020-04-04,Jharkhand,0,0,0
2020-04-05,Jharkhand,0,0,1
2020-04-06,Jharkhand,0,0,1
2020-04-07,Jharkhand,0,0,0
2020-04-08,Jharkhand,0,0,0
2020-04-09,Jharkhand,0,0,9
2020-04-10,Jharkhand,0,1,0
2020-04-11,Jharkhand,0,0,4
2020-04-12,Jharkhand,0,0,0
2020-04-13,Jharkhand,0,1,2
2020-04-14,Jharkhand,0,0,5
2020-04-15,Jharkhand,0,0,3
2020-04-16,Jharkhand,0,0,1
2020-04-17,Jharkhand,0,0,1
2020-04-18,Jharkhand,0,0,4
2020-04-19,Jharkhand,0,0,2
2020-04-20,Jharkhand,0,0,7
2020-04-21,Jharkhand,0,0,4
2020-04-22,Jharkhand,0,1,0
2020-04-23,Jharkhand,8,0,4
2020-04-24,Jharkhand,0,0,6
2020-04-25,Jharkhand,1,0,4
2020-04-26,Jharkhand,4,0,8
2020-04-27,Jharkhand,0,0,15
2020-04-28,Jharkhand,4,0,21
2020-04-29,Jharkhand,2,0,2
2020-04-30,Jharkhand,0,0,2
2020-05-01,Jharkhand,1,0,4
2020-05-02,Jharkhand,0,0,0
2020-05-03,Jharkhand,2,0,4
2020-05-04,Jharkhand,0,0,0
2020-05-05,Jharkhand,5,0,0
2020-05-06,Jharkhand,6,0,10
2020-05-07,Jharkhand,4,0,2
2020-05-08,Jharkhand,4,0,5
2020-05-09,Jharkhand,11,0,0
2020-05-10,Jharkhand,26,0,24
2020-05-11,Jharkhand,0,0,1
2020-05-12,Jharkhand,0,0,3
2020-05-13,Jharkhand,1,0,12
2020-05-14,Jharkhand,0,0,1
2020-05-15,Jharkhand,8,0,24
2020-05-16,Jharkhand,0,0,6
2020-05-17,Jharkhand,26,0,14
2020-05-18,Jharkhand,0,0,6
2020-05-19,Jharkhand,0,0,0
2020-04-03,Arunachal Pradesh,0,0,1
2020-04-04,Arunachal Pradesh,0,0,0
2020-04-05,Arunachal Pradesh,0,0,0
2020-04-06,Arunachal Pradesh,0,0,0
2020-04-07,Arunachal Pradesh,0,0,0
2020-04-08,Arunachal Pradesh,0,0,0
2020-04-09,Arunachal Pradesh,0,0,0
2020-04-10,Arunachal Pradesh,0,0,0
2020-04-11,Arunachal Pradesh,0,0,0
2020-04-12,Arunachal Pradesh,0,0,0
2020-04-13,Arunachal Pradesh,0,0,0
2020-04-14,Arunachal Pradesh,0,0,0
2020-04-15,Arunachal Pradesh,0,0,0
2020-04-16,Arunachal Pradesh,0,0,0
2020-04-17,Arunachal Pradesh,0,0,0
2020-04-18,Arunachal Pradesh,0,0,0
2020-04-19,Arunachal Pradesh,0,0,0
2020-04-20,Arunachal Pradesh,0,0,0
2020-04-21,Arunachal Pradesh,1,0,0
2020-04-22,Arunachal Pradesh,0,0,0
2020-04-23,Arunachal Pradesh,0,0,0
2020-04-24,Arunachal Pradesh,0,0,0
2020-04-25,Arunachal Pradesh,0,0,0
2020-04-26,Arunachal Pradesh,0,0,0
2020-04-27,Arunachal Pradesh,0,0,0
2020-04-28,Arunachal Pradesh,0,0,0
2020-04-29,Arunachal Pradesh,0,0,0
2020-04-30,Arunachal Pradesh,0,0,0
2020-05-01,Arunachal Pradesh,0,0,0
2020-05-02,Arunachal Pradesh,0,0,0
2020-05-03,Arunachal Pradesh,0,0,0
2020-05-04,Arunachal Pradesh,0,0,0
2020-05-05,Arunachal Pradesh,0,0,0
2020-05-06,Arunachal Pradesh,0,0,0
2020-05-07,Arunachal Pradesh,0,0,0
2020-05-08,Arunachal Pradesh,0,0,0
2020-05-09,Arunachal Pradesh,0,0,0
2020-05-10,Arunachal Pradesh,0,0,0
2020-05-11,Arunachal Pradesh,0,0,0
2020-05-12,Arunachal Pradesh,0,0,0
2020-05-13,Arunachal Pradesh,0,0,0
2020-05-14,Arunachal Pradesh,0,0,0
2020-05-15,Arunachal Pradesh,0,0,0
2020-05-16,Arunachal Pradesh,0,0,0
2020-05-17,Arunachal Pradesh,0,0,0
2020-05-18,Arunachal Pradesh,0,0,0
2020-05-19,Arunachal Pradesh,0,0,0
2020-04-07,Tripura,0,0,1
2020-04-08,Tripura,0,0,0
2020-04-09,Tripura,0,0,0
2020-04-10,Tripura,0,0,0
2020-04-11,Tripura,0,0,1
2020-04-12,Tripura,0,0,0
2020-04-13,Tripura,0,0,0
2020-04-14,Tripura,0,0,0
2020-04-15,Tripura,0,0,0
2020-04-16,Tripura,1,0,0
2020-04-17,Tripura,0,0,0
2020-04-18,Tripura,0,0,0
2020-04-19,Tripura,0,0,0
2020-04-20,Tripura,0,0,0
2020-04-21,Tripura,0,0,0
2020-04-22,Tripura,0,0,0
2020-04-23,Tripura,0,0,0
2020-04-24,Tripura,0,0,0
2020-04-25,Tripura,0,0,0
2020-04-26,Tripura,1,0,0
2020-04-27,Tripura,0,0,0
2020-04-28,Tripura,0,0,0
2020-04-29,Tripura,0,0,0
2020-04-30,Tripura,0,0,0
2020-05-01,Tripura,0,0,0
2020-05-02,Tripura,0,0,0
2020-05-03,Tripura,0,0,2
2020-05-04,Tripura,0,0,12
2020-05-05,Tripura,0,0,13
2020-05-06,Tripura,0,0,14
2020-05-07,Tripura,0,0,0
2020-05-08,Tripura,0,0,22
2020-05-09,Tripura,0,0,53
2020-05-10,Tripura,0,0,16
2020-05-11,Tripura,0,0,16
2020-05-12,Tripura,0,0,2
2020-05-13,Tripura,0,0,2
2020-05-14,Tripura,14,0,1
2020-05-15,Tripura,13,0,1
2020-05-16,Tripura,13,0,0
2020-05-17,Tripura,22,0,11
2020-05-18,Tripura,21,0,0
2020-05-19,Tripura,0,0,0
2020-04-13,Nagaland,0,0,1
2020-04-14,Nagaland,0,0,0
2020-04-15,Nagaland,0,0,0
2020-04-16,Nagaland,0,0,0
2020-04-17,Nagaland,0,0,0
2020-04-18,Nagaland,0,0,0
2020-04-19,Nagaland,0,0,0
2020-04-20,Nagaland,0,0,0
2020-04-21,Nagaland,0,0,0
2020-04-14,Meghalaya,0,0,1
2020-04-15,Meghalaya,0,1,6
2020-04-16,Meghalaya,0,0,0
2020-04-17,Meghalaya,0,0,2
2020-04-18,Meghalaya,0,0,2
2020-04-19,Meghalaya,0,0,0
2020-04-20,Meghalaya,0,0,0
2020-04-21,Meghalaya,0,0,0
2020-04-22,Meghalaya,0,0,1
2020-04-23,Meghalaya,0,0,0
2020-04-24,Meghalaya,0,0,0
2020-04-25,Meghalaya,0,0,0
2020-04-26,Meghalaya,0,0,0
2020-04-27,Meghalaya,0,0,0
2020-04-28,Meghalaya,0,0,0
2020-04-29,Meghalaya,0,0,0
2020-04-30,Meghalaya,0,0,0
2020-05-01,Meghalaya,0,0,0
2020-05-02,Meghalaya,0,0,0
2020-05-03,Meghalaya,0,0,0
2020-05-04,Meghalaya,0,0,0
2020-05-05,Meghalaya,10,0,0
2020-05-06,Meghalaya,0,0,0
2020-05-07,Meghalaya,0,0,0
2020-05-08,Meghalaya,0,0,0
2020-05-09,Meghalaya,0,0,0
2020-05-10,Meghalaya,0,0,1
2020-05-11,Meghalaya,0,0,0
2020-05-12,Meghalaya,0,0,0
2020-05-13,Meghalaya,0,0,0
2020-05-14,Meghalaya,0,0,0
2020-05-15,Meghalaya,1,0,0
2020-05-16,Meghalaya,0,0,0
2020-05-17,Meghalaya,0,0,0
2020-05-18,Meghalaya,0,0,0
2020-05-19,Meghalaya,0,0,0
2020-05-06,Dadar Nagar Haveli,0,0,1
2020-05-07,Dadar Nagar Haveli,0,0,0
2020-05-08,Dadar Nagar Haveli,0,0,0
2020-05-09,Dadar Nagar Haveli,0,0,0
2020-05-10,Dadar Nagar Haveli,0,0,0
2020-05-11,Dadar Nagar Haveli,0,0,0
2020-05-12,Dadar Nagar Haveli,0,0,0
2020-05-13,Dadar Nagar Haveli,0,0,0
2020-05-14,Dadar Nagar Haveli,0,0,0
2020-05-15,Dadar Nagar Haveli,0,0,0
2020-05-16,Dadar Nagar Haveli,0,0,0
2020-05-17,Dadar Nagar Haveli,0,0,0
2020-05-18,Dadar Nagar Haveli,0,0,0
2020-05-19,Dadar Nagar Haveli,0,0,0
